size,path
,d3
,d3/d3-color
,d3/d3-dsv
,d3/d3-force
,d3/d3-format
,d3/d3-hierarchy
,d3/d3-hierarchy/hierarchy
,d3/d3-hierarchy/pack
,d3/d3-hierarchy/treemap
,d3/d3-path
,d3/d3-polygon
,d3/d3-quadtree
,d3/d3-request
,d3/d3-scale
,d3/d3-transition
,d3/d3-transition/selection
,d3/d3-transition/transition
,d3/d3-voronoi
9276,d3/d3-color/color.js
1855,d3/d3-color/cubehelix.js
340,d3/d3-color/define.js
3167,d3/d3-color/lab.js
72,d3/d3-color/math.js
199,d3/d3-dsv/csv.js
3582,d3/d3-dsv/dsv.js
200,d3/d3-dsv/tsv.js
654,d3/d3-force/center.js
2447,d3/d3-force/collide.js
72,d3/d3-force/constant.js
69,d3/d3-force/jiggle.js
3213,d3/d3-force/link.js
3181,d3/d3-force/manyBody.js
3444,d3/d3-force/simulation.js
1030,d3/d3-force/x.js
1030,d3/d3-force/y.js
361,d3/d3-format/defaultLocale.js
134,d3/d3-format/exponent.js
656,d3/d3-format/formatDecimal.js
368,d3/d3-format/formatDefault.js
475,d3/d3-format/formatGroup.js
611,d3/d3-format/formatPrefixAuto.js
458,d3/d3-format/formatRounded.js
1589,d3/d3-format/formatSpecifier.js
846,d3/d3-format/formatTypes.js
5247,d3/d3-format/locale.js
119,d3/d3-format/precisionFixed.js
190,d3/d3-format/precisionPrefix.js
186,d3/d3-format/precisionRound.js
166,d3/d3-hierarchy/accessors.js
2093,d3/d3-hierarchy/cluster.js
120,d3/d3-hierarchy/constant.js
138,d3/d3-hierarchy/hierarchy/ancestors.js
121,d3/d3-hierarchy/hierarchy/descendants.js
381,d3/d3-hierarchy/hierarchy/each.js
353,d3/d3-hierarchy/hierarchy/eachAfter.js
282,d3/d3-hierarchy/hierarchy/eachBefore.js
1819,d3/d3-hierarchy/hierarchy/index.js
164,d3/d3-hierarchy/hierarchy/leaves.js
246,d3/d3-hierarchy/hierarchy/links.js
606,d3/d3-hierarchy/hierarchy/path.js
151,d3/d3-hierarchy/hierarchy/sort.js
264,d3/d3-hierarchy/hierarchy/sum.js
2452,d3/d3-hierarchy/pack/enclose.js
1917,d3/d3-hierarchy/pack/index.js
389,d3/d3-hierarchy/pack/shuffle.js
3497,d3/d3-hierarchy/pack/siblings.js
1266,d3/d3-hierarchy/partition.js
1934,d3/d3-hierarchy/stratify.js
7060,d3/d3-hierarchy/tree.js
1184,d3/d3-hierarchy/treemap/binary.js
309,d3/d3-hierarchy/treemap/dice.js
2810,d3/d3-hierarchy/treemap/index.js
1029,d3/d3-hierarchy/treemap/resquarify.js
166,d3/d3-hierarchy/treemap/round.js
309,d3/d3-hierarchy/treemap/slice.js
170,d3/d3-hierarchy/treemap/sliceDice.js
1868,d3/d3-hierarchy/treemap/squarify.js
4089,d3/d3-path/path.js
243,d3/d3-polygon/area.js
346,d3/d3-polygon/centroid.js
411,d3/d3-polygon/contains.js
402,d3/d3-polygon/cross.js
1710,d3/d3-polygon/hull.js
375,d3/d3-polygon/length.js
2441,d3/d3-quadtree/add.js
1667,d3/d3-quadtree/cover.js
170,d3/d3-quadtree/data.js
206,d3/d3-quadtree/extent.js
1696,d3/d3-quadtree/find.js
134,d3/d3-quadtree/quad.js
2077,d3/d3-quadtree/quadtree.js
1898,d3/d3-quadtree/remove.js
51,d3/d3-quadtree/root.js
155,d3/d3-quadtree/size.js
695,d3/d3-quadtree/visit.js
773,d3/d3-quadtree/visitAfter.js
138,d3/d3-quadtree/x.js
138,d3/d3-quadtree/y.js
101,d3/d3-request/csv.js
517,d3/d3-request/dsv.js
157,d3/d3-request/html.js
127,d3/d3-request/json.js
4593,d3/d3-request/request.js
109,d3/d3-request/text.js
118,d3/d3-request/tsv.js
370,d3/d3-request/type.js
174,d3/d3-request/xml.js
90,d3/d3-scale/array.js
2637,d3/d3-scale/band.js
119,d3/d3-scale/category10.js
179,d3/d3-scale/category20.js
179,d3/d3-scale/category20b.js
179,d3/d3-scale/category20c.js
101,d3/d3-scale/colors.js
72,d3/d3-scale/constant.js
3328,d3/d3-scale/continuous.js
188,d3/d3-scale/cubehelix.js
463,d3/d3-scale/identity.js
1206,d3/d3-scale/linear.js
3273,d3/d3-scale/log.js
340,d3/d3-scale/nice.js
44,d3/d3-scale/number.js
1116,d3/d3-scale/ordinal.js
1000,d3/d3-scale/pow.js
1280,d3/d3-scale/quantile.js
1066,d3/d3-scale/quantize.js
536,d3/d3-scale/rainbow.js
717,d3/d3-scale/sequential.js
802,d3/d3-scale/threshold.js
1203,d3/d3-scale/tickFormat.js
4565,d3/d3-scale/time.js
379,d3/d3-scale/utcTime.js
6471,d3/d3-scale/viridis.js
484,d3/d3-transition/active.js
665,d3/d3-transition/interrupt.js
245,d3/d3-transition/selection/index.js
138,d3/d3-transition/selection/interrupt.js
1090,d3/d3-transition/selection/transition.js
2473,d3/d3-transition/transition/attr.js
904,d3/d3-transition/transition/attrTween.js
510,d3/d3-transition/transition/delay.js
528,d3/d3-transition/transition/duration.js
348,d3/d3-transition/transition/ease.js
574,d3/d3-transition/transition/filter.js
1892,d3/d3-transition/transition/index.js
340,d3/d3-transition/transition/interpolate.js
653,d3/d3-transition/transition/merge.js
853,d3/d3-transition/transition/on.js
284,d3/d3-transition/transition/remove.js
4792,d3/d3-transition/transition/schedule.js
826,d3/d3-transition/transition/select.js
883,d3/d3-transition/transition/selectAll.js
174,d3/d3-transition/transition/selection.js
2119,d3/d3-transition/transition/style.js
607,d3/d3-transition/transition/styleTween.js
473,d3/d3-transition/transition/text.js
691,d3/d3-transition/transition/transition.js
2026,d3/d3-transition/transition/tween.js
4381,d3/d3-voronoi/Beach.js
4087,d3/d3-voronoi/Cell.js
1632,d3/d3-voronoi/Circle.js
72,d3/d3-voronoi/constant.js
3415,d3/d3-voronoi/Diagram.js
3634,d3/d3-voronoi/Edge.js
81,d3/d3-voronoi/point.js
5302,d3/d3-voronoi/RedBlackTree.js
1420,d3/d3-voronoi/voronoi.js
